{
    "accuracy": 0.9931818181818182,
    "precision": 0.9937348484848485,
    "recall": 0.9931818181818182
}